{
    "variants": {
        "": [
            { "model": "block/polished_deepslate" },
            { "model": "block/polished_deepslate", "y": 90, "x": 90},
			{ "model": "block/polished_deepslate", "x": 90, "y": 90},
			{ "model": "block/polished_deepslate", "y": 180, "x": 90},
			{ "model": "block/polished_deepslate_1" },
            { "model": "block/polished_deepslate_1", "y": 90, "x": 90},
			{ "model": "block/polished_deepslate_1", "x": 90, "y": 90},
			{ "model": "block/polished_deepslate_1", "y": 180, "x": 90}
        ]
    }
}
